Company,Website,Industry,Design Style,IA Structure,Hero Pattern,Primary CTAs,Trust Elements,Mobile Features,Search Functionality,Contact Flow,Performance Notes
Samco Auto India,samcoautoindia.com,Auto Components,Professional B2B,Products > Brands > About > Contact,Product showcase with tech specs,"Enquire Now, Download Catalog, Get Quote",Quality certifications,Responsive design,Product search,Integrated forms throughout,Clean loading
Samco Bushes,samcobushes.in,Industrial Bushings,Technical Professional,Products > Applications > Profile > Contact,Technical documentation,Contact forms,Industry expertise,Basic responsive,Basic search,Contact page forms,Simple structure
Bosch Mobility,bosch-mobility.com,Automotive Tech,Premium Sophisticated,Solutions > Products > Services > Company > Contact,Solution-focused messaging,Learn More, Global leader status,Advanced mobile,Comprehensive search,Multi-channel contact,High performance
ZF Group,zf.com,Automotive Tech,Mobile-first Modern,Products > Solutions > Company > Careers > Contact,Interactive product focus,Explore Solutions, Technical expertise,Excellent mobile UX,Advanced search,Streamlined contact,Optimized mobile
Schaeffler,vehiclelifetimesolutions.schaeffler.com,Automotive Bearings,Solution-focused Professional,Solutions > Products > Services > Company > Contact,Problem-solution approach,Get Solution, Industry certifications,Responsive design,Solution search,Technical support focus,Good performance
Dana Aftermarket,danaaftermarket.com,Aftermarket Parts,Product-focused B2B,Products > Support > Dealer > Company > Contact,Product catalog emphasis,Find Parts, Dealer network,Basic mobile,Product search,Dealer locator,Standard performance
Motherson Group,motherson.com,Auto Components Conglomerate,Corporate Presentation,About > Businesses > Sustainability > Investors > Contact,Corporate messaging,Learn More, Global presence,Basic responsive,Basic search,Corporate contact,Corporate focus
Tata AutoComp,tataautocomp.com,Auto Components,Corporate Brand,About > Products > Operations > Technology > Contact,Brand leadership,Explore Business, Technology focus,Standard mobile,Basic search,General contact,Standard performance
Bharat Forge,bharatforge.com,Forging Manufacturing,Manufacturing Expertise,About > Products > Technology > Global > Contact,Manufacturing capabilities,Contact Us, Quality certifications,Basic responsive,Basic search,Contact forms,Manufacturing focus
United Engineering Works (Target),unitedengineeringworks.com,Engineering Manufacturing,Professional Technical,About > Products > Services > Industries > Resources > Contact,Technical expertise showcase,"Get Quote, Technical Support, Download Specs",Quality & certifications,Mobile-first responsive,Advanced product search,Multi-point contact,Optimized performance
